{
  "model": "Qwen/Qwen2.5-14B-Instruct",
  "device": "NVIDIA GeForce RTX 5070 Ti",
  "sm": "12.0",
  "quant": "nvfp4",
  "direct_fp4": true,
  "avg_tok_s": 20.0,
  "avg_ttft_ms": 127.0,
  "vram_gb": 11.26,
  "results": [
    {
      "tok_s": 19.707655216704115,
      "ttft_ms": 126.84826698387042,
      "n_gen": 128,
      "dt": 6.494938063027803
    },
    {
      "tok_s": 19.976728319407826,
      "ttft_ms": 126.80561497109011,
      "n_gen": 128,
      "dt": 6.407455613021739
    },
    {
      "tok_s": 20.103019174909203,
      "ttft_ms": 126.68935098918155,
      "n_gen": 128,
      "dt": 6.367202801047824
    },
    {
      "tok_s": 20.14581023417158,
      "ttft_ms": 126.39360199682415,
      "n_gen": 128,
      "dt": 6.353678432991728
    }
  ]
}